scenario,metric,stage,original_ms,v28_ms,v41_ms,v45_ms,v49_ms,v57_ms,v64_ms,v70_ms,v73_ms,v80_ms,v83_ms
id-only,latency_ms,端到端 SDK,33.495457,14.155954333333334,13.274345,12.473028666666666,12.009415333333333,11.6952,9.848825,9.851744,9.771480666666667,9.515348666666666,9.559363
id-only,readiness_ms,自动加载至 Ready,20.293884000000006,10.245714999999999,9.399095666666666,8.501517333333334,8.185348666666664,7.903645333333334,6.2308900000000005,6.177665666666666,6.084152,5.935622,6.024209333333333
id-only,execution_ms,Ready 后执行,11.706605000000001,2.4708240000000004,2.459168666666667,2.5210039999999996,2.393883666666667,2.2842746666666667,2.203545,2.1053506666666664,2.231983333333334,2.1372649999999993,2.079966333333333
id-only,sdk_grpc_residual_ms,SDK/RPC 其余,1.494967999999993,1.4394153333333353,1.4160806666666712,1.4505073333333343,1.4301829999999995,1.5072800000000008,1.4143900000000003,1.5687276666666659,1.4553453333333322,1.4424616666666668,1.4551873333333345
id-only,wal_broadcast_ms,WAL广播,10.242584,2.697770333333333,2.164009,2.1660150000000002,2.638599,2.2869533333333334,2.2536566666666666,2.316742666666667,2.360905333333333,2.229066,2.228261333333333
id-only,wal_impl_ms,WAL append 含同步落盘,7.784413000000001,0.6729269999999998,0.5642946666666667,0.5808576666666666,0.5931529999999999,0.5969679999999999,0.5912233333333332,0.6154749999999998,0.6448680000000001,0.5967916666666666,0.5767803333333333
id-only,wal_callback_ms,WAL callback,0.738176,0.6403993333333333,0.3320433333333333,0.341595,0.39314866666666665,0.31213266666666667,0.446121,0.3290013333333333,0.335268,0.38521833333333333,0.372733
id-only,view_load_ms,Coord 等待 view Load,9.399474999999997,7.025308,6.686285333333333,5.759230333333333,5.0784639999999985,5.0612059999999985,3.4311333333333334,3.386422666666667,3.362484666666666,3.1612483333333334,3.2650509999999997
id-only,catalog_save_ms,view 元数据保存之和,0.7475319999999995,0.5596526666666665,0.4084676666666669,0.4855180000000001,0.538604,0.5017543333333334,0.4451649999999998,0.5112706666666667,0.4806153333333333,0.46163266666666647,0.5466653333333331
id-only,qn_load_ms,QueryNode segment Load,6.955118,4.8581373333333335,4.918554666666666,4.001321333333332,3.300654,3.3751126666666664,1.8744166666666668,1.7901533333333335,1.759322,1.6119736666666673,1.6390526666666665
id-only,reserve_ms,资源预留,0.40839599999999987,0.15343333333333334,0.15376566666666666,0.16234000000000004,0.14847133333333332,0.1574826666666667,0.15836799999999998,0.16695933333333335,0.163356,0.15541366666666667,0.1584233333333333
id-only,new_segment_ms,创建 segment,0.4097479999999997,0.31096433333333356,0.3170200000000002,0.3135106666666668,0.3096879999999998,0.30474800000000024,0.2802756666666667,0.17517666666666667,0.18099766666666664,0.1733250000000002,0.17551200000000003
id-only,native_load_ms,C++ Load,3.942583999999999,3.7725913333333336,3.8005529999999994,2.905981999999999,2.2770056666666667,2.3115526666666666,0.9023693333333332,0.956336333333333,0.945501,0.9138926666666664,0.9233156666666664
id-only,delta_load_ms,删除日志,0.17895,0.1735473333333333,0.16120233333333336,0.15501366666666666,0.16228533333333336,0.14278133333333337,0.13905466666666666,0.16308466666666666,0.059935999999999996,0.06187900000000004,0.04703733333333333
id-only,parquet_decode_ms,Parquet读取/解码之和,6.2012040000000015,0.6334986666666668,0.7284920000000001,0.4974196666666664,0.49592766666666666,0.5718639999999996,0.5079733333333334,0.5764406666666666,0.7868746666666664,0.5596229999999998,0.6257676666666665
id-only,chunk_build_ms,chunk构建之和,2.429738,0.7109799999999997,0.05296433333333335,0.05281266666666666,0.05402299999999999,0.05727866666666666,0.05154066666666668,0.05263066666666666,0.05504533333333335,0.05887233333333329,0.05490099999999998
id-only,vector_prefetch_ms,Search向量预取等待,7.430160000000002,0.005043333333333333,0.004318333333333333,0.004483666666666668,0.006582666666666667,0.004580000000000002,0.004325666666666667,0.00803,0.004991333333333334,0.004258333333333334,0.004038333333333333
id-only,bf_compute_ms,向量距离计算,0.37038,0.310082,0.31039866666666666,0.3028393333333333,0.3172606666666667,0.30919566666666665,0.306334,0.30921166666666666,0.325602,0.312641,0.3250013333333333
id-only,GetQueryPlan_rpc_ms,GetQueryPlan RPC,0.599621,0.279009,0.274748,0.257572,0.277489,0.20193033333333332,0.20691566666666666,0.17490833333333333,0.19656166666666666,0.22011233333333335,0.20515266666666668
id-only,SearchOnView_rpc_ms,SearchOnView RPC,9.204948,1.5826293333333332,1.5697780000000001,1.583454,1.5273133333333333,1.5095313333333333,1.3941000000000001,1.4244903333333334,1.4639956666666667,1.312943,1.2999266666666667
id-only,QueryOnView_rpc_ms,QueryOnView RPC,0.880429,0,0,0,0,0,0,0,0,0,0
id-only,pk_fill_ms,主键回填,0.169568,0.14460233333333333,0.16151766666666664,0.15213699999999997,0.147424,0.14726733333333333,0.13821566666666665,0.15503933333333336,0.14211300000000002,0.020860666666666666,0.02075733333333334
id-only,pk_prepare_ms,归并前结果准备（含主键回填）,0.228303,0.18812866666666664,0.21642899999999998,0.20755466666666664,0.19949699999999998,0.2000766666666667,0.18231866666666663,0.20008100000000004,0.18698900000000002,0.07024433333333334,0.06507633333333333
id-only,fill_output_ms,归并后字段回填,0,0.09187766666666664,0.09017866666666666,0.08834633333333332,0.09063333333333332,0.08685766666666668,0.097888,0.08735166666666667,0.09147,0.09000966666666668,0.08511833333333334
id-only,reduce_total_ms,QueryNode 归并整体,0.38221299999999997,0.43126033333333336,0.4738893333333334,0.448704,0.44471033333333326,0.4493819999999999,0.424695,0.4357686666666667,0.4450333333333333,0.3096510000000001,0.30180666666666667
id-only,sn_catalog_ms,StreamingNode 恢复元数据保存,0,0,0,0,0,0,0,0,0,0.24032333333333347,0.24882933333333326
with-vector,latency_ms,端到端 SDK,35.57219,14.74189,13.902494666666666,13.554026333333333,12.212438333333333,10.966598333333334,10.122087333333333,9.818669,11.387436666666666,9.914880333333333,9.810539
with-vector,readiness_ms,自动加载至 Ready,22.182579,10.558050333333332,9.761609000000002,9.436300999999997,7.864684333333335,7.269805,6.172532333333332,6.056293999999999,7.54645,6.177852333333332,6.062212000000002
with-vector,execution_ms,Ready 后执行,11.827518999999999,2.6451829999999994,2.6221006666666664,2.648761666666667,2.7963773333333335,2.239953333333334,2.4395553333333337,2.2481950000000004,2.3070176666666673,2.231483,2.2371383333333337
with-vector,sdk_grpc_residual_ms,SDK/RPC 其余,1.5620919999999998,1.5386566666666652,1.5187849999999976,1.4689636666666666,1.551376666666665,1.4568400000000004,1.509999666666668,1.514180000000002,1.5339690000000001,1.5055450000000008,1.5111886666666667
with-vector,wal_broadcast_ms,WAL广播,12.447823,2.875808666666667,2.2439933333333335,2.2478583333333333,2.1867103333333335,2.0500113333333334,2.148371666666667,2.2119276666666665,2.136248,2.499016,2.447694
with-vector,wal_impl_ms,WAL append 含同步落盘,9.809751999999998,0.6739303333333334,0.5703050000000001,0.5386670000000001,0.5628280000000002,0.5530383333333334,0.5697306666666665,0.529565,0.5571399999999999,0.5785006666666667,0.5710639999999999
with-vector,wal_callback_ms,WAL callback,0.754685,0.653971,0.31404166666666666,0.301503,0.3300036666666667,0.2833853333333333,0.2951973333333333,0.40185933333333335,0.363614,0.33342533333333335,0.3496923333333333
with-vector,view_load_ms,Coord 等待 view Load,9.209022000000001,7.123549000000001,6.952421666666668,6.683013999999998,5.048341999999999,4.772742666666669,3.577291333333333,3.3951333333333333,4.831650333333332,3.233095,3.2542189999999995
with-vector,catalog_save_ms,view 元数据保存之和,0.6432180000000001,0.5549920000000002,0.5015746666666665,0.43330666666666695,0.4073893333333335,0.49906599999999995,0.46226633333333383,0.4318573333333332,0.6465603333333336,0.5509726666666671,0.5333133333333331
with-vector,qn_load_ms,QueryNode segment Load,6.861541000000001,4.997601666666666,5.093028,4.825676666666667,3.356883666666668,3.276328000000001,1.8865916666666676,1.7270649999999999,1.6715093333333328,1.6358453333333336,1.5971013333333335
with-vector,reserve_ms,资源预留,0.41542999999999997,0.15300200000000003,0.15293766666666667,0.155674,0.15161499999999997,0.15183500000000003,0.15203766666666665,0.1556176666666667,0.1600333333333333,0.1507296666666667,0.1503843333333333
with-vector,new_segment_ms,创建 segment,0.41456200000000026,0.30727299999999996,0.3188993333333331,0.3093999999999999,0.3119116666666668,0.30652499999999994,0.28036300000000003,0.17901433333333328,0.181203,0.17411699999999997,0.177467
with-vector,native_load_ms,C++ Load,3.919606000000001,3.8843403333333324,3.997701333333333,3.7244976666666676,2.277781333333334,2.1965130000000004,0.9347660000000001,0.9137236666666667,0.9588813333333337,0.9371743333333339,0.900362666666667
with-vector,delta_load_ms,删除日志,0.15985100000000002,0.164182,0.15794066666666667,0.16355033333333327,0.16787,0.15933,0.12436900000000004,0.149005,0.048671999999999986,0.054889333333333325,0.04797566666666667
with-vector,parquet_decode_ms,Parquet读取/解码之和,5.920372,0.4821170000000002,0.5554263333333336,0.7723993333333341,0.5677173333333333,0.4829630000000003,0.5468676666666664,0.5360146666666665,0.49647133333333326,0.6472126666666665,0.6058606666666673
with-vector,chunk_build_ms,chunk构建之和,2.417887,0.7341046666666674,0.05329166666666665,0.058129,0.054745000000000016,0.05184133333333337,0.07705966666666665,0.051896000000000005,0.05379666666666666,0.05638100000000001,0.05020566666666672
with-vector,vector_prefetch_ms,Search向量预取等待,7.1787079999999985,0.004313333333333334,0.004588000000000001,0.0048779999999999995,0.004483999999999998,0.004167666666666666,0.004350333333333334,0.004486333333333333,0.004186999999999999,0.004114666666666667,0.0077870000000000005
with-vector,bf_compute_ms,向量距离计算,0.329872,0.33388633333333334,0.3169726666666667,0.3073823333333333,0.31957633333333335,0.30321666666666663,0.330764,0.3127416666666667,0.3230943333333333,0.30676933333333334,0.3162256666666667
with-vector,GetQueryPlan_rpc_ms,GetQueryPlan RPC,0.5425960000000001,0.26403933333333335,0.297378,0.28343,0.3023633333333333,0.187246,0.235341,0.18112966666666666,0.18344933333333333,0.20190933333333333,0.208064
with-vector,SearchOnView_rpc_ms,SearchOnView RPC,9.062762,1.763745,1.6901116666666667,1.7267956666666666,1.811363,1.5233086666666666,1.5743719999999999,1.5397653333333332,1.5816543333333335,1.4108333333333334,1.4566333333333334
with-vector,QueryOnView_rpc_ms,QueryOnView RPC,1.171928,0,0,0,0,0,0,0,0,0,0
with-vector,pk_fill_ms,主键回填,0.18842,0.16178366666666671,0.15547666666666668,0.16141133333333335,0.1528206666666667,0.14428400000000002,0.1413016666666667,0.14378766666666665,0.14577799999999996,0.02385833333333334,0.018861333333333327
with-vector,pk_prepare_ms,归并前结果准备（含主键回填）,0.26241000000000003,0.2143043333333333,0.20439733333333326,0.21204566666666666,0.20516500000000004,0.1876036666666666,0.18724866666666676,0.18818666666666672,0.1902776666666667,0.07200766666666669,0.05924133333333333
with-vector,fill_output_ms,归并后字段回填,0,0.16359566666666667,0.14915199999999998,0.14799133333333334,0.167493,0.143255,0.14436400000000002,0.142251,0.1396763333333333,0.13433033333333336,0.1329206666666667
with-vector,reduce_total_ms,QueryNode 归并整体,0.42792,0.5945066666666667,0.5564543333333335,0.5771933333333333,0.5825890000000001,0.5328010000000001,0.5305733333333335,0.5211636666666667,0.5302013333333333,0.3964743333333335,0.4034113333333334
with-vector,sn_catalog_ms,StreamingNode 恢复元数据保存,0,0,0,0,0,0,0,0,0,0.2736246666666665,0.27766066666666667
